SOENet: a multi-resolution network for sheep extraction from high-resolution remote sensing images,https://webofscience.clarivate.cn/wos/alldb/full-record/WOS:001256964900001,"Wang Lei, 中国科学院航天信息研究所","Ye Cheng, 大数据可持续发展目标国际研究中心","Chen Fang, ","Wang Ning, 北京大学","Yu Bo, "
CG-CFPANet: a multi-task network for built-up area extraction from SDGSAT-1 and Sentinel-2 remote sensing images,https://webofscience.clarivate.cn/wos/alldb/full-record/WOS:001154180500001,"Wang Lei, 中国科学院航天信息研究所","Ye Cheng, 大数据可持续发展目标国际研究中心","Chen Fang, ","Wang Ning, 中国疾病预防控制中心","Li Congrong, 大数据可持续发展目标国际研究中心","Zhang Haiying, 大数据可持续发展目标国际研究中心","Wang Yu, Minist生态与环境","Yu Bo, "
Two-stage re-parameterization and sample disentanglement network for surveillance vehicle detection,https://webofscience.clarivate.cn/wos/alldb/full-record/WOS:001269877500001,"Xie Wei, ","Liu Weiming, 华南理工大学","Dai Yuan, 湘潭大学"
Accurate Representation Modeling and Interindividual Constraint Learning for Roadside Three-Dimensional Object Detection,https://webofscience.clarivate.cn/wos/alldb/full-record/WOS:001317721100001,"Zhu Jianxiao, ","Li Xu, 东南大学-中国","Xu Qimin, 东南大学-中国","He Xiang, 东南大学-中国","Wang Benwu, 东南大学-中国"
An efficient model for small object detection in the maritime environment,https://webofscience.clarivate.cn/wos/alldb/full-record/WOS:001303125800001,"Shao Zeyuan, 大连海事大学","Yin Yong, 大连海事大学","Lyu Hongguang, 大连海事大学","Soares C. Guedes, Universidade de Lisboa","Cheng Tao, 伦敦大学学院","Jing Qianfeng, 大连海事大学","Yang Zhilin, 中国环境科学研究院"
A Step-Wise Domain Adaptation Detection Transformer for Object Detection under Poor Visibility Conditions,https://webofscience.clarivate.cn/wos/alldb/full-record/WOS:001287241600001,"Zhang Gege, 中山大学","Wang Luping, 苏州大学-中国","Chen Zengping, 中山大学"
Enhancing vehicle detection in intelligent transportation systems via autonomous UAV platform and YOLOv8 integration,https://webofscience.clarivate.cn/wos/alldb/full-record/WOS:001282573800001,"Bakirci Murat, 塔尔苏斯大学"
Smart traffic management of vehicles using faster R-CNN based deep learning method,https://webofscience.clarivate.cn/wos/alldb/full-record/WOS:001253949600045,"Chaudhuri Arindam, NHS FDN信托基金"
NRPerson: A Non-Registered Multi-Modal Benchmark for Tiny Person Detection and Localization,https://webofscience.clarivate.cn/wos/alldb/full-record/WOS:001219855100001,"Yang Yi, 天津工业大学","Han Xumeng, 中国大学科学院UCAS","Wang Kuiran, 中国大学科学院UCAS","Yu Xuehui, 南京邮政大学","Yu Wenwen, ","Wang Zipeng, 西湖大学","Li Guorong, 希捷科技","Han Zhenjun, 大学中文科学"
A lightweight vehicle detection network fusing feature pyramid and channel attention,https://webofscience.clarivate.cn/wos/alldb/full-record/WOS:001221577000001,"Lu Jian, Xi现代化学研究所","Huang Tingting, 新疆大学","Zhang Qi, 上海大学","Chen Xiaogai, Xi工程大学","Zhou Jian, Xi工程大学"
Detection Technique Tailored for Small Targets on Water Surfaces in Unmanned Vessel Scenarios,https://webofscience.clarivate.cn/wos/alldb/full-record/WOS:001192717100001,"Zhang Jian, 哈尔滨工程大学","Huang Wenbin, 中国石油大学","Zhuang Jiayuan, 哈尔滨工程大学","Zhang Renran, 北京理工大学","Du Xiang, 西南交通大学"
AlexDarkNet: Hybrid CNN architecture for real-time Traffic monitoring with unprecedented reliability,https://webofscience.clarivate.cn/wos/alldb/full-record/WOS:001168585300002,"Joshi Rakhi Madhukarrao, ","Rao D. S., "
Super-Resolution GAN and Global Aware Object Detection System for Vehicle Detection in Complex Traffic Environments,https://webofscience.clarivate.cn/wos/alldb/full-record/WOS:001297342700001,"Wang Hongqing, 南华大学","Chaw Jun Kit, ","Goh Sim Kuan, ","Shi Liantao, 深圳理工大学","Tin Ting Tin, 英迪国际大学","Huang Nannan, 上海师范大学","Gan Hong-Seng, Xi交利物浦大学"
INTEGRATION OF DEEP LEARNING MODELS FOR VEHICLE COUNTING: TOWARDS OPTIMIZED PLANNING OF URBAN CHARGING INFRASTRUCTURES,https://webofscience.clarivate.cn/wos/alldb/full-record/WOS:001234953400011,"Benayad Mohamed, 哈桑二世卡萨布兰卡大学","Rochd Abdelilah, 哈桑二世卡萨布兰卡大学","Houran Nouriddine, 哈桑二世卡萨布兰卡大学","Simou Mohamed Rabii, 哈桑二世卡萨布兰卡大学","Maanan Mehdi, 哈桑二世卡萨布兰卡大学","Rhinane Hassan, 哈桑二世卡萨布兰卡大学"
Oriented Ship Detection Based on Soft Thresholding and Context Information in SAR Images of Complex Scenes,https://webofscience.clarivate.cn/wos/alldb/full-record/WOS:001129141000038,"Zhang Chuan, 西南交通大学","Gao Gui, 国防科技大学-中国","Liu Jia, 东方辉卫星有限公司","Duan Dingfeng, 中国电子科技大学"
Multi-Pedestrian Tracking Based on KC-YOLO Detection and Identity Validity Discrimination Module,https://webofscience.clarivate.cn/wos/alldb/full-record/WOS:001119917800001,"Li Jingwen, 北航","Wu Wei, 季华实验室","Zhang Dan, 吉林农业科学研究中心","Fan Dayong, 桂林理工大学","Jiang Jianwu, 中国南方电网","Lu Yanling, 中国科学院","Gao Ertao, 桂林理工大学","Yue Tao, 青岛大学科技学院"
Towards Large-Scale Small Object Detection: Survey and Benchmarks,https://webofscience.clarivate.cn/wos/alldb/full-record/WOS:001085050900039,"Cheng Gong, 西北工业大学","Yuan Xiang, 华东师范大学","Yao Xiwen, 东北大学-中国","Yan Kebing, 河南工业大学","Zeng Qinghua, 中山大学","Xie Xingxing, ","Han Junwei, "
GSDerainNet: A Deep Network Architecture Based on a Gaussian Shannon Filter for Single Image Deraining,https://webofscience.clarivate.cn/wos/alldb/full-record/WOS:001086033200001,"Yao Yanji, 中国科学院","Shi Zhimin, 北京师范大学","Hu Huiwen, 中国科学院","Li Jing, 麻省理工学院（MIT）","Wang Guocheng, 中国科学院大气物理研究所","Liu Lintao, "
Progressive dilation dense residual fusion network for single-image deraining,https://webofscience.clarivate.cn/wos/alldb/full-record/WOS:001067623400001,"Kong Xiaolin, 湖南大学","Gao Tao, 长安大学","Chen Ting, 南阳理工学院","Zhang Jing, 澳大利亚国立大学"
Vehicle detection in diverse traffic using an ensemble convolutional neural backbone via feature concatenation,https://webofscience.clarivate.cn/wos/alldb/full-record/WOS:001061893700001,"Deshmukh Prashant, Rajendra Gode Coll Pharm博士","Majhi Sudhan, 印度巴特那理工学院","Sahoo Upendra Kumar, 鲁克拉国家理工学院","Das Santos Kumar, "
Select Informative Samples for Night-Time Vehicle Detection Benchmark in Urban Scenes,https://webofscience.clarivate.cn/wos/alldb/full-record/WOS:001065131600001,"Wang Xiao, 武汉科技大学","Tu Xingyue, 武汉科技大学","Al-Hassani Baraa, 武汉科技大学","Lin Chia-Wen, ","Xu Xin, 阿拉巴马大学伯明翰"
Traffic Noise Assessment Using Intelligent Acoustic Sensors (Traffic Ear) and Vehicle Telematics Data,https://webofscience.clarivate.cn/wos/alldb/full-record/WOS:001046454600001,"Ghaffarpasand Omid, 伯明翰大学","Almojarkesh Anwar, 创新工厂有限公司","Morris Sophie, ","Stephens Elizabeth, 昆士兰大学","Chalabi Alaa, 创新工厂有限公司","Almojarkesh Usamah, 创新工厂有限公司","Almojarkesh Zenah, 创新工厂有限公司","Pope Francis D. D., 伯明翰大学"
Deep Learning Techniques for Vehicle Detection and Classification from Images/Videos: A Survey,https://webofscience.clarivate.cn/wos/alldb/full-record/WOS:000996780700001,"Berwo Michael Abebe, 长安大学","Khan Asad, ","Fang Yong, 长安大学","Fahim Hamza, ","Javaid Shumaila, 陕西师范大学","Mahmood Jabar, 浙江大学","Abideen Zain Ul, 澳大利亚国立大学","Syam M. S., 荆楚理工大学"
Adaptive single image defogging based on sky segmentation,https://webofscience.clarivate.cn/wos/alldb/full-record/WOS:000984294600003,"Wang Wenke, 山东理工大学","Hu Hongping, 华南科技大学","Cao Shengfang, 中北大学","Song Na, 莆田学院"
LF-YOLO: A Lighter and Faster YOLO for Weld Defect Detection of X-Ray Image,https://webofscience.clarivate.cn/wos/alldb/full-record/WOS:001011420400106,"Liu Moyun, ","Chen Youping, ","Xie Jingming, 昆明医科大学","He Lei, 四川大学","Zhang Yang, "
Latency-Aware Task Scheduling in Software-Defined Edge and Cloud Computing With Erasure-Coded Storage Systems,https://webofscience.clarivate.cn/wos/alldb/full-record/WOS:001004238600035,"Tang Jianhang, 贵州大学","Jalalzai Mohammad M., 加拿大温哥华不列颠哥伦比亚大学","Feng Chen, ","Xiong Zehui, 新加坡科技设计大学","Zhang Yang, 南京航空航天大学"
An improved anchor-free method for traffic scene object detection,https://webofscience.clarivate.cn/wos/alldb/full-record/WOS:000946890000001,"Ding Tonghe, 山东师范大学","Feng Kaili, 广州大学","Yan Yejin, ","Wei Yanjun, 青岛科技大学","Li Tianping, 山东师范大学"
Real-time vehicle target detection in inclement weather conditions based on YOLOv4,https://webofscience.clarivate.cn/wos/alldb/full-record/WOS:000951364000001,"Wang Rui, 江苏海洋大学","Zhao He, 北京中医药大学","Xu Zhengwei, ","Ding Yaming, 吉林大学","Li Guowei, 广州中医药大学","Zhang Yuxin, 华南科技大学协和医学院附属协和医院","Li Hua, 吉林理工大学"
A Fast and Accurate Real-Time Vehicle Detection Method Using Deep Learning for Unconstrained Environments,https://webofscience.clarivate.cn/wos/alldb/full-record/WOS:000947224800001,"Farid Annam, 巴基斯坦国立科技大学","Hussain Farhan, 巴基斯坦国立科技大学","Khan Khurram, Sri Sathya Sai Inst高等医学科学","Shahzad Mohsin, COMSATS大学伊斯兰堡阿伯塔巴德校区","Khan Uzair, 阿伯塔巴德大学科学与技术","Mahmood Zahid, COMSATS伊斯兰堡大学（UTE）"
ResiDualGAN: Resize-Residual DualGAN for Cross-Domain Remote Sensing Images Semantic Segmentation,https://webofscience.clarivate.cn/wos/alldb/full-record/WOS:000947226700001,"Zhao Yang, ","Guo Peng, ","Sun Zihao, 中国科学院","Chen Xiuwan, 北京大学","Gao Han, "
Deep Texture-Aware Features for Camouflaged Object Detection,https://webofscience.clarivate.cn/wos/alldb/full-record/WOS:000965070500001,"Ren Jingjing, 美国东北大学","Hu Xiaowei, ","Zhu Lei, 香港大学科学与技术","Xu Xuemiao, 华南大学科技","Xu Yangyang, 香港大学","Wang Weiming, 大连大学","Deng Zijun, 曼彻斯特大学","Heng Pheng-Ann, 香港中文大学"
Representative Feature Alignment for Adaptive Object Detection,https://webofscience.clarivate.cn/wos/alldb/full-record/WOS:000941726100017,"Xu Shan, 华南理工大学","Zhang Huaidong, ","Xu Xuemiao, 华南大学科技","Hu Xiaowei, ","Xu Yangyang, 香港大学","Dai Liangui, 广东利通公司","Choi Kup-Sze, TechCosmos Ltd","Heng Pheng-Ann, 香港中文大学"
PerspectiveNet: An Object Detection Method With Adaptive Perspective Box Network Based on Density-Aware,https://webofscience.clarivate.cn/wos/alldb/full-record/WOS:000935656800001,"Li Cui-Jin, 仲凯农业工程大学","Qu Zhong, 重庆邮政大学","Wang Sheng-Ye, 重庆邮政大学"
A vehicle detection method based on disparity segmentation,https://webofscience.clarivate.cn/wos/alldb/full-record/WOS:000920621000006,"Li Shiyang, 斯潘分医院","Chen Jing, 杭州电子科技大学","Peng Weimin, 范德比尔特大学","Shi Xiaoying, 橡树岭国家实验室","Bu Wanghui, 同济大学"
Real-time dense traffic detection using lightweight backbone and improved path aggregation feature pyramid network,https://webofscience.clarivate.cn/wos/alldb/full-record/WOS:000976621600001,"Guo Feng, ","Wang Yi, 南卡罗来纳大学哥伦比亚分校","Qian Yu, 南卡罗来纳大学"
Knowledge Fusion Distillation: Improving Distillation with Multi-scale Attention Mechanisms,https://webofscience.clarivate.cn/wos/alldb/full-record/WOS:000906610600002,"Li Linfeng, 天津工业大学","Su Weixing, 天津工业大学","Liu Fang, ","He Maowei, 天津工业大学","Liang Xiaodan, 中山大学深圳校区"
Study on Vehicle Recognition Algorithm Based on Convolutional Neural Network,https://webofscience.clarivate.cn/wos/alldb/full-record/WOS:001031393400040,"Wenkai Bi, 莫斯科物理与技术学院"
A CNN-Transformer Hybrid Model Based on CSWin Transformer for UAV Image Object Detection,https://webofscience.clarivate.cn/wos/alldb/full-record/WOS:000917253900002,"Lu Wanjie, ","Lan Chaozhen, 中国人民解放军信息工程大学","Niu Chaoyang, 中国人民解放军信息工程大学","Liu Wei, ","Lyu Liang, ","Shi Qunshan, 中国人民解放军信息工程大学","Wang Shiju, 安徽科技大学"
PVDet: Towards pedestrian and vehicle detection on gigapixel-level images,https://webofscience.clarivate.cn/wos/alldb/full-record/WOS:000903919900008,"Mo Wanghao, 新疆大学","Zhang Wendong, 康奈尔大学","Wei Hongyang, 新疆大学","Cao Ruyi, 江西师范大学","Ke Yan, 工程大学人民行动党","Luo Yiwen, Merck & Company"
Scale Invariant low frame rate tracking,https://webofscience.clarivate.cn/wos/alldb/full-record/WOS:000895304000001,"Braga Alex P., FEI大学中心","Acchetta Everton C., FEI大学中心","Rodrigues Paulo Sergio, FEI大学中心"
2D Winograd CNN Chip for COVID-19 and Pneumonia Detection,https://webofscience.clarivate.cn/wos/alldb/full-record/WOS:000900345400001,"Fan Yu-Cheng, 山东师范大学","Lin Kun-Yao, 台北科大","Tsai Yen-Hsun, 台北科大"
Achieving Adaptive Visual Multi-Object Tracking with Unscented Kalman Filter,https://webofscience.clarivate.cn/wos/alldb/full-record/WOS:000897442800001,"Zhang Guowei, 复旦大学-物理系","Yin Jiyao, 东北大学-中国","Deng Peng, 重庆大学","Sun Yanlong, 浙江师范大学","Zhou Lin, 北航大学","Zhang Kuiyuan, 中国地质大学"
Mixed Stage Partial Network and Background Data Augmentation for Surveillance Object Detection,https://webofscience.clarivate.cn/wos/alldb/full-record/WOS:000921411200061,"Chen Ping-Yang, 国立台北大学","Hsieh Jun-Wei, 国立杨明交通大学","Gochoo Munkhjargal, ","Chen Yong-Sheng, "
A Robust Framework for Object Detection in a Traffic Surveillance System,https://webofscience.clarivate.cn/wos/alldb/full-record/WOS:000881054300001,"Akhtar Malik Javed, 塔西拉工程技术大学","Mahum Rabbia, ","Butt Faisal Shafique, COMSATS伊斯兰堡大学（UTE）","Amin Rashid, 塔西拉工程技术大学","El-Sherbeeny Ahmed M., 沙特国王大学","Lee Seongkwan Mark, 阿拉伯联合酋长国大学","Shaikh Sarang, 挪威科技大学（NTNU）"
Swin transformer based vehicle detection in undisciplined traffic environment,https://webofscience.clarivate.cn/wos/alldb/full-record/WOS:000878295700007,"Deshmukh Prashant, Rajendra Gode Coll Pharm博士","Satyanarayana G. S. R., 维尼昂科学、技术和研究基金会","Majhi Sudhan, 印度巴特那理工学院","Sahoo Upendra Kumar, 鲁克拉国家理工学院","Das Santos Kumar, "
Binary residual feature pyramid network: An improved feature fusion module based on double-channel residual pyramid structure for autonomous detection algorithm,https://webofscience.clarivate.cn/wos/alldb/full-record/WOS:000866258600001,"Luo Tong, 北京中医药大学","Wang Hai, ","Cai Yingfeng, 江苏大学","Chen Long, ","Wang Kuan, 南京理工大学","Yu Yijie, 清华大学"
Industrial gearbox fault diagnosis based on multi-scale convolutional neural networks and thermal imaging,https://webofscience.clarivate.cn/wos/alldb/full-record/WOS:000876929500005,"Li Yongbo, 西北工业大学","Du Xiaoqiang, 中北大学","Wang Xianzhi, Xi邮政大学","Si Shubin, 西北工业大学"
Semi-MoreGAN: Semi-supervised Generative Adversarial Network for Mixture of Rain Removal,https://webofscience.clarivate.cn/wos/alldb/full-record/WOS:001008797000040,"Shen Yiyang, 河南科技大学","Wang Yongzhen, 南京航空航天大学","Wei Mingqiang, 南京航空航天大学","Chen Honghua, ","Xie Haoran, 岭南大学","Cheng Gary, 奥克兰大学","Wang Fu Lee, "
A Two-Branch Pedestrian Detection Method for Small and Blurred Target,https://webofscience.clarivate.cn/wos/alldb/full-record/WOS:000859027200001,"Han Yufei, 东华大学","Li Hai, ","Hou Shujuan, 北京理工大学"
Making You Only Look Once Faster: Toward Real-Time Intelligent Transportation Detection,https://webofscience.clarivate.cn/wos/alldb/full-record/WOS:000854613300001,"Dai Yuan, ","Liu Weiming, 华南理工大学","Xie Wei, 华南理工大学","Liu Ruikang, 什里夫波特路易斯安那州立大学健康科学中心","Zheng Zhongxing, 华南理工大学","Long Kejun, 长沙理工大学","Wang Liang, 香港大学","Mao Liang, 济宁医学院"
An Automated Learning Framework With Limited and Cross-Domain Data for Traffic Equipment Detection From Surveillance Videos,https://webofscience.clarivate.cn/wos/alldb/full-record/WOS:000842737700001,"Zhou Wei, ","Liu Yuqing, ","Wang Chen, 东南大学","Zhan Yunfei, 东南大学-中国","Dai Yulu, 东南大学-中国","Wang Ruiyu, "
Vision-Based Autonomous Vehicle Systems Based on Deep Learning: A Systematic Literature Review,https://webofscience.clarivate.cn/wos/alldb/full-record/WOS:000832013800001,"Pavel Monirul Islam, ","Tan Siok Yee, 西亚国立大学","Abdullah Azizi, 西亚国立大学"
Vehicle fusion detection in visible and infrared thermal images via spare network and dynamic weight coefficient-based Dempster-Shafer evidence theory,https://webofscience.clarivate.cn/wos/alldb/full-record/WOS:000867557000057,"Zhang Xunxun, 关键实验室耦合过程与效应国家资源元素","Peng Lang, 贵州大学","Lu Xiaoyu, 田纳西大学"
Orientation aware weapons detection in visual data: a benchmark dataset,https://webofscience.clarivate.cn/wos/alldb/full-record/WOS:000817012500001,"Haq N. U., 巴基斯坦国立科技大学","Fraz M. M., 巴基斯坦国立科技大学","Hashmi T. S., 巴基斯坦国立科技大学","Shahzad M., 巴基斯坦国立科技大学"
Last Decade in Vehicle Detection and Classification: A Comprehensive Survey,https://webofscience.clarivate.cn/wos/alldb/full-record/WOS:000811428900002,"Maity Sourajit, 贾达夫普尔大学","Bhattacharyya Avirup, 贾达夫普尔大学","Singh Pawan Kumar, 贾达夫普尔大学","Kumar Munish, 马哈拉贾·兰吉特·辛格旁遮普技术大学，锡林达","Sarkar Ram, 贾达夫普尔大学"
A Two-Stage Hybrid Extreme Learning Model for Short-Term Traffic Flow Forecasting,https://webofscience.clarivate.cn/wos/alldb/full-record/WOS:000817453300001,"Cui Zhihan, 天津大学科技","Huang Boyu, 浙江大学","Dou Haowen, ","Cheng Yan, 汕头大学","Guan Jitian, 汕头大学","Zhou Teng, 海南大学"
Traffic state prediction using conditionally Gaussian observed Markov fuzzy switching model,https://webofscience.clarivate.cn/wos/alldb/full-record/WOS:000800230500001,"Bouyahia Zied, 马努巴大学","Haddad Hedi, 马努巴大学","Derrode Stephane, 马赛中央学院","Pieczynski Wojciech, 巴黎理工学院"
SA-YOLOv3: An Efficient and Accurate Object Detector Using Self-Attention Mechanism for Autonomous Driving,https://webofscience.clarivate.cn/wos/alldb/full-record/WOS:000790829400018,"Tian Daxin, 北航","Lin Chunmian, 北航","Zhou Jianshan, ","Duan Xuting, 北航","Cao Yue, 东南大学","Zhao Dezong, ","Cao Dongpu, 清华大学"
Efficient multi-model integration neural network framework for nighttime vehicle detection,https://webofscience.clarivate.cn/wos/alldb/full-record/WOS:000782544600004,"Li Jianfang, 北京邮电大学","Xiao Degui, 湖南大学","Yang Qiuwei, 湖南大学"
Covariance Attention for Semantic Segmentation,https://webofscience.clarivate.cn/wos/alldb/full-record/WOS:000764815300013,"Liu Yazhou, 南京理工大学","Chen Yuliang, 徐州医科大学","Lasang Pongsak, Panason Res & Dev CTR Singapore","Sun Quansen, 南京理工大学"
Recent Advances in Vision-Based On-Road Behaviors Understanding: A Critical Survey,https://webofscience.clarivate.cn/wos/alldb/full-record/WOS:000780806600001,"Trabelsi Rim, ","Khemmar Redouane, 诺曼底鲁昂大学","Decoux Benoit, 诺曼底鲁昂大学","Ertaud Jean-Yves, 诺曼底鲁昂大学","Butteau Remi, 诺曼底鲁昂大学"
A Traffic Event Detection Method Based on Random Forest and Permutation Importance,https://webofscience.clarivate.cn/wos/alldb/full-record/WOS:000778250800001,"Su Ziyi, ","Liu Qingchao, ","Zhao Chunxia, ","Sun Fengming, 江苏大学"
Slicing-Based Reliable Resource Orchestration for Secure Software-Defined Edge-Cloud Computing Systems,https://webofscience.clarivate.cn/wos/alldb/full-record/WOS:000752017900022,"Tang Jianhang, 贵州大学","Nie Jiangtian, 南洋理工大学","Xiong Zehui, 新加坡科技设计大学","Zhao Jun, 南洋理工大学","Zhang Yang, ","Niyato Dusit, 腾讯AI Lab"
Real-Time Monocular Joint Perception Network for Autonomous Driving,https://webofscience.clarivate.cn/wos/alldb/full-record/WOS:000754278300001,"Li Keqiang, 清华大学","Xiong Hui, 香港科技大学","Liu Jinxin, 中国工程物理研究院","Xu Qing, ","Wang Jianqiang, 清华大学汽车工程系"
Dense Traffic Detection at Highway-Railroad Grade Crossings,https://webofscience.clarivate.cn/wos/alldb/full-record/WOS:000745472900001,"Guo Feng, ","Jiang Zhuocheng, NEC公司","Wang Yi, 南卡罗来纳大学哥伦比亚分校","Chen Chen, 北卡罗来纳大学夏洛特","Qian Yu, 南卡罗来纳大学"
Traffic sign detection based on improved faster R-CNN for autonomous driving,https://webofscience.clarivate.cn/wos/alldb/full-record/WOS:000739278100003,"Li Xiaomei, 四川省农业科学院（SAAS）","Xie Zhijiang, 重庆大学","Deng Xiong, 重庆大学","Wu Yanxue, 重庆大学","Pi Yangjun, 重庆大学"
A complementary and precise vehicle detection approach in RGB-T images via semi-supervised transfer learning and decision-level fusion,https://webofscience.clarivate.cn/wos/alldb/full-record/WOS:000741718600001,"Zhang Xun Xun, 关键实验室耦合过程与效应国家资源元素","Lu Xiao Yu, ","Peng Lang, 贵州大学"
A Robust Vehicle Detection Model Based on Attention and Multi-scale Feature Fusion,https://webofscience.clarivate.cn/wos/alldb/full-record/WOS:000972901000027,"Zhu Yuxin, 武汉大学","Liu Wenbo, 北京理工大学","Yan Fei, 宁波大学","Li Jun, 中国选择产品可靠性和环境测试R"
Small object detection combining attention mechanism and a novel FPN,https://webofscience.clarivate.cn/wos/alldb/full-record/WOS:000771196600056,"Chen Junying, 香港中文大学深圳","Liu Shipeng, 南加州大学","Zhao Liang, 西安大学建筑与技术","Chen Dengfeng, 西安大学建筑与技术","Zhang Weihua, "
A lightweight deep neural network with higher accuracy,https://webofscience.clarivate.cn/wos/alldb/full-record/WOS:000837840000012,"Zhao Liquan, 东北电力大学","Wang Leilei, PipeChina西天然气管道公司","Jia Yanfei, 桂林理工大学","Cui Ying, 上海交通大学"
Traffic incident detection based on a global trajectory spatiotemporal map,https://webofscience.clarivate.cn/wos/alldb/full-record/WOS:000731502900001,"Liang Haoxiang, 中南大学","Song Huansheng, 长安大学","Yun Xu, 南京大学","Sun Shijie, 北航","Wang Yingxuan, ","Zhang Zhaoyang, "
A Real-Time Object Detector for Autonomous Vehicles Based on YOLOv4,https://webofscience.clarivate.cn/wos/alldb/full-record/WOS:000799681600006,"Wang Rui, 江苏海洋大学","Wang Ziyue, 国家环境健康科学研究所","Xu Zhengwei, ","Wang Chi, 吉林理工大学","Li Qiang, 吉林大学","Zhang Yuxin, 华南科技大学协和医学院附属协和医院","Li Hua, 吉林理工大学"
Vehicle Detection and Disparity Estimation Using Blended Stereo Images,https://webofscience.clarivate.cn/wos/alldb/full-record/WOS:000722000500010,"Zhou Changxin, 山东第一医科大学、山东医学科学院","Liu Yazhou, 南京理工大学","Sun Quansen, 南京理工大学","Lasang Pongsak, Panason Res & Dev CTR Singapore"
Attention guided contextual feature fusion network for salient object detection,https://webofscience.clarivate.cn/wos/alldb/full-record/WOS:000724261200004,"Zhang Jin, 上海应用技术学院","Shi Yanjiao, 西北农工大学-中国","Zhang Qing, 集美大学","Cui Liu, 河海大学","Chen Ying, 上海应用技术学院","Yi Yugen, 江西师范大学"
Deep Learning for Unmanned Aerial Vehicle-Based Object Detection and Tracking: A Survey,https://webofscience.clarivate.cn/wos/alldb/full-record/WOS:000732115900001,"Wu Xin, ","Li Wei, ","Hong Danfeng, 中国科学院航天信息研究所","Tao Ran, 浙江省人民医院","Du Qian, 密西西比州立大学"
Pedestrian and Vehicle Detection in Autonomous Vehicle Perception Systems-A Review,https://webofscience.clarivate.cn/wos/alldb/full-record/WOS:000718964000001,"Galvao Luiz G., 布鲁内尔大学","Abbod Maysam, 布鲁内尔大学","Kalganova Tatiana, 布鲁内尔大学","Palade Vasile, 考文垂大学","Huda Md Nazmul, 布鲁内尔大学"
Channel spatial attention based single-shot object detector for autonomous vehicles,https://webofscience.clarivate.cn/wos/alldb/full-record/WOS:000696768700005,"Singh Divya, ","Srivastava Rajeev, 政府英迪拉·甘地家庭科学学院"
Application of Convolution Neural Network (CNN) Model Combined with Pyramid Algorithm in Aerobics Action Recognition,https://webofscience.clarivate.cn/wos/alldb/full-record/WOS:000700351600005,"Liang Qi, 中国科学院"
Vehicle Detection in Remote Sensing Image Based on Machine Vision,https://webofscience.clarivate.cn/wos/alldb/full-record/WOS:000687443200003,"Zhou Liming, 河南大学","Zheng Chang, 河南大学","Yan Haoxin, 中国农业科学院","Zuo Xianyu, 河南大学","Qiao Baojun, 河南大学","Zhou Bing, 喜鹊医科大学","Fan Minghu, 河南大学","Liu Yang, "
Vehicle Detection in Very-High-Resolution Remote Sensing Images Based on an Anchor-Free Detection Model with a More Precise Foveal Area,https://webofscience.clarivate.cn/wos/alldb/full-record/WOS:000689133000001,"Li Xungen, 杭州电子科技大学","Men Feifei, 杭州电子科技大学","Lv Shuaishuai, 南通大学","Jiang Xiao, 西南大学-中国","Pan Mian, 杭州电子科技大学","Ma Qi, 北京大学","Yu Haibin, 山东科技大学"
Oil Well Detection via Large-Scale and High-Resolution Remote Sensing Images Based on Improved YOLO v4,https://webofscience.clarivate.cn/wos/alldb/full-record/WOS:000690136600001,"Shi Pengfei, 杭州第一人民医院","Jiang Qigang, 吉林大学","Shi Chao, 吉林大学","Xi Jing, ","Tao Guofang, 浙江大学","Zhang Sen, 吉林大学","Zhang Zhenchao, 天津大学","Liu Bin, 吉林大学"
Research on highway vehicle detection based on faster R-CNN and domain adaptation,https://webofscience.clarivate.cn/wos/alldb/full-record/WOS:000670730900001,"Yin Guanxiang, 北京中医药大学","Yu Meng, 华东交通大学","Wang Meng, 华东交通大学","Hu Yong, 江西交通研究所","Zhang Yuejin, 华南科技大学"
Accurate and efficient vehicle detection framework based on SSD algorithm,https://webofscience.clarivate.cn/wos/alldb/full-record/WOS:000665695900001,"Zhao Min, 重庆大学","Zhong Yuan, 重庆大学","Sun Dihua, 重庆大学"
Multiscale Feature Learning Based on Enhanced Feature Pyramid for Vehicle Detection,https://webofscience.clarivate.cn/wos/alldb/full-record/WOS:000670623200001,"Nguyen Hoanh, "
YOLOv3-MT: A YOLOv3 using multi-target tracking for vehicle visual detection,https://webofscience.clarivate.cn/wos/alldb/full-record/WOS:000658142200004,"Wang Kun, ","Liu Maozhen, 哈尔滨工业大学"
A lightweight Tiny-YOLOv3 vehicle detection approach,https://webofscience.clarivate.cn/wos/alldb/full-record/WOS:000654094700001,"Taheri Tajar Alireza, 布阿里新浪大学","Ramazani Abbas, 布阿里新浪大学","Mansoorizadeh Muharram, 布阿里新浪大学"
Offset Detection of Grate Trolley's Side Plate Based on YOLOv4,https://webofscience.clarivate.cn/wos/alldb/full-record/WOS:000659050800001,"Wang Yueming, ","Li Zhenru, 东北大学-中国","Fang Liangrui, 内蒙古科技大学","Li Qi, 工程研究中心湖北省服装信息"
A fast and effective video vehicle detection method leveraging feature fusion and proposal temporal link,https://webofscience.clarivate.cn/wos/alldb/full-record/WOS:000651349500001,"Yang Yanni, 浙江省第二医院","Song Huansheng, 长安大学","Sun Shijie, 北航","Zhang Wentao, ","Chen Yan, 长安大学","Rakal Lionel, ","Fang Yong, 长安大学"
On-road vehicle detection in varying weather conditions using faster R-CNN with several region proposal networks,https://webofscience.clarivate.cn/wos/alldb/full-record/WOS:000644268000003,"Ghosh Rajib, 巴特那国家理工学院"
End-to-end trainable network for degraded license plate detection via vehicle-plate relation mining,https://webofscience.clarivate.cn/wos/alldb/full-record/WOS:000660569000001,"Chen Song-Lu, 北京科技大学","Tian Shu, 北京科技大学","Ma Jia-Wei, 哥伦比亚大学","Liu Qi, 北京理工大学","Yang Chun, 北京科技大学","Chen Feng, 易易科技有限公司","Yin Xu-Cheng, 北京大学科学与技术"
U-FPNDet: A one-shot traffic object detector based on U-shaped feature pyramid module,https://webofscience.clarivate.cn/wos/alldb/full-record/WOS:000632071700001,"Ke Xiao, 福州大学","Li Jianping, 布拉德福德大学"
ScanEV-A neural network-based tool for the automated detection of extracellular vesicles in TEM images,https://webofscience.clarivate.cn/wos/alldb/full-record/WOS:000649635600004,"Nikishin Igor, ","Dulimov Ruslan, VisME LLC","Skryabin Gleb, ","Galetsky Sergey, NN Blokhin Natl Med Res Cctr Oncol","Tchevkina Elena, ","Bagrov Dmitry, 莫斯科国立罗蒙诺索夫大学"
A traffic flow estimation method based on unsupervised change detection,https://webofscience.clarivate.cn/wos/alldb/full-record/WOS:000618938700001,"Zhou Ying, 西北工业大学","Lei Yu, 西北工业大学","Yang Shenghui, 中国科学院","Shao Tao, 南京农业大学","Tian Dayong, 安阳工学院","Shi Jiao, 西北工业大学"
Review on Vehicle Detection Technology for Unmanned Ground Vehicles,https://webofscience.clarivate.cn/wos/alldb/full-record/WOS:000624695500001,"Liu Qi, 北京理工大学","Li Zirui, ","Yuan Shihua, 北京理工大学","Zhu Yuzheng, 苏州大学-中国","Li Xueyuan, 北京理工大学"
Multi-object Tracking for Urban and Multilane Traffic: Building Blocks for Real-World Application,https://webofscience.clarivate.cn/wos/alldb/full-record/WOS:000783390600079,"Bumanis Nikolajs, 拉脱维亚科技","Vitols Gatis, 拉脱维亚生命科学与技术大学","Arhipova Irina, 拉脱维亚生命科学与技术大学","Solmanis Egons, WeAreDots Ltd"
Research on Traffic Target Detection Method Based on Improved YOLOv3,https://webofscience.clarivate.cn/wos/alldb/full-record/WOS:000706493800008,"Zhang Xinyu, 中国科学院","Ding Sheng, 上海交通大学"
Vehicle Detection and Tracking using YOLO and DeepSORT,https://webofscience.clarivate.cn/wos/alldb/full-record/WOS:000680842300005,"Bin Zuraimi Muhammad Azhad, MARA技术大学","Zaman Fadhlan Hafizhelmi Kamaru, MARA技术大学"
Forground-Guided Vehicle Perception Framework,https://webofscience.clarivate.cn/wos/alldb/full-record/WOS:000681331400056,"Tian Kun, 中国科学院","Zhou Tong, 吉林大学","Xiang Shiming, 中国科学院","Pan Chunhong, 上海交通大学"
YOLOv4-5D: An Effective and Efficient Object Detector for Autonomous Driving,https://webofscience.clarivate.cn/wos/alldb/full-record/WOS:000633244500002,"Cai Yingfeng, 江苏大学","Luan Tianyu, ","Gao Hongbo, 辽宁省学院通讯","Wang Hai, ","Chen Long, ","Li Yicheng, 江苏大学","Sotelo Miguel Angel, 阿尔卡拉大学","Li Zhixiong, 奥波莱理工大学"
Single-Image Real-Time Rain Removal Based on Depth-Guided Non-Local Features,https://webofscience.clarivate.cn/wos/alldb/full-record/WOS:000608685000006,"Hu Xiaowei, ","Zhu Lei, 香港大学科学与技术","Wang Tianyu, 香港中文大学","Fu Chi-Wing, 香港中文大学","Heng Pheng-Ann, 香港中文大学"
Defect detection of printed circuit board based on lightweight deep convolution network,https://webofscience.clarivate.cn/wos/alldb/full-record/WOS:000626224500034,"Shen Jiaquan, 浙江工业大学","Liu Ningzhong, 南京航空航天大学","Sun Han, "
Real-time monitoring of traffic parameters,https://webofscience.clarivate.cn/wos/alldb/full-record/WOS:000596016900001,"Khazukov Kirill, 南乌拉尔国立大学","Shepelev Vladimir, ","Karpeta Tatiana, 南乌拉尔国立大学","Shabiev Salavat, ","Slobodin Ivan, ","Charbadze Irakli, 南乌拉尔国立大学","Alferova Irina, "
Research on Object Detection Algorithm Based on Multilayer Information Fusion,https://webofscience.clarivate.cn/wos/alldb/full-record/WOS:000582525000004,"Chen Bao-Yuan, 天津医科大学","Shen Yu-Kun, 福建师范大学","Sun Kun, 哈理工大学"
A steel surface defect inspection approach towards smart industrial monitoring,https://webofscience.clarivate.cn/wos/alldb/full-record/WOS:000571362300001,"Hao Ruiyang, 清华大学","Lu Bingyu, 中国科学院","Cheng Ying, 北航","Li Xiu, 清华深圳国际研究生院","Huang Biqing, 北京印刷学院"
Small vehicle classification in the wild using generative adversarial network,https://webofscience.clarivate.cn/wos/alldb/full-record/WOS:000570466300005,"Wang Xu, ","Chen Xiaoming, Xi交通大学","Wang Yanping, 浙江大学"
Identification of distinguishing characteristics of intersections based on statistical analysis and data from video cameras,https://webofscience.clarivate.cn/wos/alldb/full-record/WOS:001028150500002,"Shepelev Vladimir, ","Aliukov Sergei, 南乌拉尔国立大学","Glushkov Alexander, 南乌拉尔国立大学","Shabiev Salavat, 南乌拉尔国立大学"
Vehicle Detection with Self-Training for Adaptative Video Processing Embedded Platform,https://webofscience.clarivate.cn/wos/alldb/full-record/WOS:000569744000001,"Cygert Sebastian, 创意NCBR","Czyzewski Andrzej, 格但斯克理工大学"
Deeply Supervised Z-Style Residual Network Devotes to Real-Time Environment Perception for Autonomous Driving,https://webofscience.clarivate.cn/wos/alldb/full-record/WOS:000545427200015,"Dai Xuerui, 河北科技大学","Yuan Xue, 北京农学院","Pei Liu, 北京科技大学","Wei Xueye, 北京交通大学"
Traffic scene semantic segmentation using self -attention mechanism and bi-directional GRU to correlate context,https://webofscience.clarivate.cn/wos/alldb/full-record/WOS:000528861400024,"Min Yan, 西北大学Xi","Junzheng Wang, 北京理工大学","Jing Li, 北京理工大学","Ke Zhang, 中国医学科学院-北京协和医学院","Zimu Yang, 清华大学"
The Capacity of the Road Network: Data Collection and Statistical Analysis of Traffic Characteristics,https://webofscience.clarivate.cn/wos/alldb/full-record/WOS:000537688400234,"Shepelev Vladimir, ","Aliukov Sergei, ","Nikolskaya Kseniya, ","Shabiev Salavat, "
Uncertainty-based Object Detector for Autonomous Driving Embedded Platforms,https://webofscience.clarivate.cn/wos/alldb/full-record/WOS:000720328700004,"Choi Jiwoong, 首尔国立大学（SNU）","Chun Dayoung, 首尔国立大学（SNU）","Lee Hyuk-Jae, 首尔国立大学","Kim Hyun, 韩国生物科学与生物技术研究所（KRIBB）"
A lightweight vehicle detection and tracking technique for advanced driving assistance systems,https://webofscience.clarivate.cn/wos/alldb/full-record/WOS:000578311500009,"Farag Wael, 中东美国大学"
KL-DIVERGENCE-BASED REGION PROPOSAL NETWORK FOR OBJECT DETECTION,https://webofscience.clarivate.cn/wos/alldb/full-record/WOS:000646178502022,"Seo Geonseok, 三星","Yoo Jaeyoung, 韩国科学技术信息研究所（KISTI）","Choi Jaeseok, 首尔国立大学（SNU）","Kwak Nojun, 首尔国立大学（SNU）"
A Lightweight CNN Model for Refining Moving Vehicle Detection From Satellite Videos,https://webofscience.clarivate.cn/wos/alldb/full-record/WOS:000600841700001,"Chen Renxi, 河海大学","Li Xinhui, 辽宁工程技术大学","Li Shengyang, 中国科学院"
A Robust Vehicle Detection Scheme for Intelligent Traffic Surveillance Systems in Smart Cities,https://webofscience.clarivate.cn/wos/alldb/full-record/WOS:000558137600001,"Wang Zhiyuan, 武汉大学","Huang Jifeng, ","Xiong Neal N., ","Zhou Xiaoping, 中国科学院","Lin Xiao, 上海师范大学","Ward Theodore Lee, 东北州立大学"
CODAN: Counting-driven Attention Network for Vehicle Detection in Congested Scenes,https://webofscience.clarivate.cn/wos/alldb/full-record/WOS:000810735000009,"Li Wei, 西南交通大学","Wang Zhenting, 罗格斯大学","Wu Xiao, 西南交通大学","Zhang Ji, 西南交通大学","Peng Qiang, 大连理工大学","Li Hongliang, 中国电子科技大学"
Environmental Sensitivity Evaluation of Neural Networks in Unmanned Vehicle Perception Module,https://webofscience.clarivate.cn/wos/alldb/full-record/WOS:000569342900263,"Li Yuru, 上海海洋大学","Duan Dongliang, 怀俄明大学","Chen Chen, 北京大学","Cheng Xiang, 北京大学","Yang Liuying, 贵州师范大学"
Pyramid Spatial Context Features for Salient Object Detection,https://webofscience.clarivate.cn/wos/alldb/full-record/WOS:000538766800016,"Li Hui, 惠州学院"
A Classification Algorithm Based on Complex Number Feature,https://webofscience.clarivate.cn/wos/alldb/full-record/WOS:000524753200108,"Xu Ying, 深圳大学","Lu Zefeng, ","Liu Licai, 中山大学","Cai Daseng, 深圳大学"
Feature and Box Propagation for Video Vehicle Detection,https://webofscience.clarivate.cn/wos/alldb/full-record/WOS:001200368900066,"Yang Yanni, 浙江省第二医院","Song Huansheng, 长安大学","Dai Zhe, 长安大学","Zhang Wentao, 上海大学","Chen Yan, 长安大学"
A noise-immune Kalman filter for short-term traffic flow forecasting,https://webofscience.clarivate.cn/wos/alldb/full-record/WOS:000500034900038,"Cai Lingru, ","Zhang Zhanchang, 汕头大学","Yang Junjie, 广东工业大学","Yu Yidan, 深圳大学","Zhou Teng, 海南大学","Qin Jing, 香港理工大学"
Multi-task learning for quality assessment of fetal head ultrasound images,https://webofscience.clarivate.cn/wos/alldb/full-record/WOS:000496605700018,"Lin Zehui, 澳门理工大学","Li Shengli, 深圳市妇幼保健院","Ni Dong, 深圳大学","Liao Yimei, ","Wen Huaxuan, 深圳市妇幼保健院","Du Jie, ","Chen Siping, 深圳大学","Wang Tianfu, 深圳大学"
Improving Faster R-CNN Framework for Fast Vehicle Detection,https://webofscience.clarivate.cn/wos/alldb/full-record/WOS:000501598100001,"Hoanh Nguyen, "
A Multibranch Object Detection Method for Traffic Scenes,https://webofscience.clarivate.cn/wos/alldb/full-record/WOS:000501216000002,"Feng Jiangfan, 重庆邮政大学","Wang Fanjie, 西北工业大学","Feng Siqin, 中国医学科学院-北京协和医学院","Peng Yongrong, 中南大学"
An Efficient and Scene-Adaptive Algorithm for Vehicle Detection in Aerial Images Using an Improved YOLOv3 Framework,https://webofscience.clarivate.cn/wos/alldb/full-record/WOS:000502272600017,"Zhang Xunxun, 关键实验室耦合过程与效应国家资源元素","Zhu Xu, 长安大学"
Orientation- and Scale-Invariant Multi-Vehicle Detection and Tracking from Unmanned Aerial Videos,https://webofscience.clarivate.cn/wos/alldb/full-record/WOS:000489101500085,"Wang Jie, ","Simeonova Sandra, 卡尔加里大学","Shahbazi Mozhdeh, 卡尔加里大学"
Using Vehicle Synthesis Generative Adversarial Networks to Improve Vehicle Detection in Remote Sensing Images,https://webofscience.clarivate.cn/wos/alldb/full-record/WOS:000488826400031,"Zheng Kun, 北京工业大学","Wei Mengfei, 中国科学院","Sun Guangmin, 北京工业大学","Anas Bilal, 海南师范大学","Li Yu, 北京大学科技"
Traffic flow estimation with data from a video surveillance camera,https://webofscience.clarivate.cn/wos/alldb/full-record/WOS:000599138700001,"Fedorov Aleksandr, 牛津大学","Nikolskaia Kseniia, 南乌拉尔国立大学","Ivanov Sergey, ","Shepelev Vladimir, ","Minbaleev Alexey, 库塔芬莫斯科国立法学大学（MSAL）"
Assessment of Convolution Neural Networks for Wetland Mapping with Landsat in the Central Canadian Boreal Forest Region,https://webofscience.clarivate.cn/wos/alldb/full-record/WOS:000465549300037,"Pouliot Darren, 加拿大环境与气候变化","Latifovic Rasim, 加拿大绘图与地球观测中心（CCMEO）","Pasher Jon, 加拿大环境与气候变化","Duffe Jason, 加拿大环境与气候变化"
Vehicle Detection in Urban Traffic Surveillance Images Based on Convolutional Neural Networks with Feature Concatenation,https://webofscience.clarivate.cn/wos/alldb/full-record/WOS:000459941200157,"Zhang Fukai, 河南理工大学","Li Ce, 中国矿业大学","Yang Feng, 北京林业大学"
Depth-attentional Features for Single-image Rain Removal,https://webofscience.clarivate.cn/wos/alldb/full-record/WOS:000542649301063,"Hu Xiaowei, ","Fu Chi-Wing, 香港中文大学","Zhu Lei, 香港大学科学与技术","Heng Pheng-Ann, 香港中文大学"
Joint Object Detection and Depth Estimation in Multiplexed Image,https://webofscience.clarivate.cn/wos/alldb/full-record/WOS:000487835100006,"Zhou Changxin, 山东第一医科大学、山东医学科学院","Liu Yazhou, 南京理工大学","Sun Quansen, 南京理工大学","Lasang Pongsak, Panason Res & Dev CTR Singapore"
Part-Aware Region Proposal for Vehicle Detection in High Occlusion Environment,https://webofscience.clarivate.cn/wos/alldb/full-record/WOS:000480346100001,"Zhang Weiwei, 香港科技大学","Zheng Yaocheng, 上海工程技术大学","Gao Qiaoming, 广西科技大学","Mi Zeyang, 上海工程技术大学"
SSD-MSN: An Improved Multi-Scale Object Detection Network Based on SSD,https://webofscience.clarivate.cn/wos/alldb/full-record/WOS:000474702100001,"Chen Zuge, 国家电网公司","Wu Kehe, ","Li Yuanbo, ","Wang Minjian, 重庆精神病院","Li Wei, 华北电力大学"
DALocNet: Improving Localization Accuracy for Domain Adaptive Object Detection,https://webofscience.clarivate.cn/wos/alldb/full-record/WOS:000469860600001,"Yu Yushan, 根特大学","Xu Xuemiao, 华南大学科技","Hu Xiaowei, ","Heng Pheng-Ann, 香港中文大学"
